"TIME","NATVESSR","SPECIES","PRES","DEST","UNIT","GEO","Value","Flag and Footnotes"
"2006","Total","Total fishery products","All presentation forms","Human consumption","Euro","Romania","582,926",""
"2006","Total","Total fishery products","All presentation forms","Human consumption","Tonnes product weight","Romania","615",""
"2006","Total","Total fishery products","All presentation forms","Human consumption","Euro/Tonne","Romania","948",""
"2006","Total","Aquatic animals","All presentation forms","Human consumption","Euro","Romania","582,926",""
"2006","Total","Aquatic animals","All presentation forms","Human consumption","Tonnes product weight","Romania","615",""
"2006","Total","Aquatic animals","All presentation forms","Human consumption","Euro/Tonne","Romania","948",""
"2006","Total","Freshwater and diadromous fishes","All presentation forms","Human consumption","Euro","Romania","3,256",""
"2006","Total","Freshwater and diadromous fishes","All presentation forms","Human consumption","Tonnes product weight","Romania","4",""
"2006","Total","Freshwater and diadromous fishes","All presentation forms","Human consumption","Euro/Tonne","Romania","788",""
"2006","Total","Crustaceans and molluscs","All presentation forms","Human consumption","Euro","Romania",":",""
"2006","Total","Crustaceans and molluscs","All presentation forms","Human consumption","Tonnes product weight","Romania",":",""
"2006","Total","Crustaceans and molluscs","All presentation forms","Human consumption","Euro/Tonne","Romania",":",""
"2006","Total","Finfish","All presentation forms","Human consumption","Euro","Romania","582,926",""
"2006","Total","Finfish","All presentation forms","Human consumption","Tonnes product weight","Romania","615",""
"2006","Total","Finfish","All presentation forms","Human consumption","Euro/Tonne","Romania","948",""
"2006","Total","Finfish and invertebrates","All presentation forms","Human consumption","Euro","Romania","582,926",""
"2006","Total","Finfish and invertebrates","All presentation forms","Human consumption","Tonnes product weight","Romania","615",""
"2006","Total","Finfish and invertebrates","All presentation forms","Human consumption","Euro/Tonne","Romania","948",""
"2006","Total","Freshwater fishes","All presentation forms","Human consumption","Euro","Romania","504",""
"2006","Total","Freshwater fishes","All presentation forms","Human consumption","Tonnes product weight","Romania","0",""
"2006","Total","Freshwater fishes","All presentation forms","Human consumption","Euro/Tonne","Romania","1,702",""
"2006","Total","Miscellaneous freshwater fishes","All presentation forms","Human consumption","Euro","Romania","504",""
"2006","Total","Miscellaneous freshwater fishes","All presentation forms","Human consumption","Tonnes product weight","Romania","0",""
"2006","Total","Miscellaneous freshwater fishes","All presentation forms","Human consumption","Euro/Tonne","Romania","1,702",""
"2006","Total","Diadromous fishes","All presentation forms","Human consumption","Euro","Romania","2,753",""
"2006","Total","Diadromous fishes","All presentation forms","Human consumption","Tonnes product weight","Romania","4",""
"2006","Total","Diadromous fishes","All presentation forms","Human consumption","Euro/Tonne","Romania","718",""
"2006","Total","Shads","All presentation forms","Human consumption","Euro","Romania","2,753",""
"2006","Total","Shads","All presentation forms","Human consumption","Tonnes product weight","Romania","4",""
"2006","Total","Shads","All presentation forms","Human consumption","Euro/Tonne","Romania","718",""
"2006","Total","Marine fishes","All presentation forms","Human consumption","Euro","Romania","579,670",""
"2006","Total","Marine fishes","All presentation forms","Human consumption","Tonnes product weight","Romania","611",""
"2006","Total","Marine fishes","All presentation forms","Human consumption","Euro/Tonne","Romania","949",""
"2006","Total","Flounders, halibuts, soles","All presentation forms","Human consumption","Euro","Romania","180,101",""
"2006","Total","Flounders, halibuts, soles","All presentation forms","Human consumption","Tonnes product weight","Romania","32",""
"2006","Total","Flounders, halibuts, soles","All presentation forms","Human consumption","Euro/Tonne","Romania","5,672",""
"2006","Total","Cods, hakes, haddocks","All presentation forms","Human consumption","Euro","Romania","1,369",""
"2006","Total","Cods, hakes, haddocks","All presentation forms","Human consumption","Tonnes product weight","Romania","5",""
"2006","Total","Cods, hakes, haddocks","All presentation forms","Human consumption","Euro/Tonne","Romania","284",""
"2006","Total","Miscellaneous coastal fishes","All presentation forms","Human consumption","Euro","Romania","24,817",""
"2006","Total","Miscellaneous coastal fishes","All presentation forms","Human consumption","Tonnes product weight","Romania","24",""
"2006","Total","Miscellaneous coastal fishes","All presentation forms","Human consumption","Euro/Tonne","Romania","1,014",""
"2006","Total","Herrings, sardines, anchovies","All presentation forms","Human consumption","Euro","Romania","320,824",""
"2006","Total","Herrings, sardines, anchovies","All presentation forms","Human consumption","Tonnes product weight","Romania","502",""
"2006","Total","Herrings, sardines, anchovies","All presentation forms","Human consumption","Euro/Tonne","Romania","640",""
"2006","Total","Tunas, bonitos, billfishes","All presentation forms","Human consumption","Euro","Romania","545",""
"2006","Total","Tunas, bonitos, billfishes","All presentation forms","Human consumption","Tonnes product weight","Romania","0",""
"2006","Total","Tunas, bonitos, billfishes","All presentation forms","Human consumption","Euro/Tonne","Romania","3,403",""
"2006","Total","Miscellaneous pelagic fishes","All presentation forms","Human consumption","Euro","Romania","12,558",""
"2006","Total","Miscellaneous pelagic fishes","All presentation forms","Human consumption","Tonnes product weight","Romania","8",""
"2006","Total","Miscellaneous pelagic fishes","All presentation forms","Human consumption","Euro/Tonne","Romania","1,493",""
"2006","Total","Sharks, rays, chimaeras","All presentation forms","Human consumption","Euro","Romania","16,873",""
"2006","Total","Sharks, rays, chimaeras","All presentation forms","Human consumption","Tonnes product weight","Romania","8",""
"2006","Total","Sharks, rays, chimaeras","All presentation forms","Human consumption","Euro/Tonne","Romania","2,127",""
"2006","Total","Marine fishes not identified","All presentation forms","Human consumption","Euro","Romania","22,583",""
"2006","Total","Marine fishes not identified","All presentation forms","Human consumption","Tonnes product weight","Romania","32",""
"2006","Total","Marine fishes not identified","All presentation forms","Human consumption","Euro/Tonne","Romania","709",""
"2006","Total","Molluscs","All presentation forms","Human consumption","Euro","Romania",":",""
"2006","Total","Molluscs","All presentation forms","Human consumption","Tonnes product weight","Romania",":",""
"2006","Total","Molluscs","All presentation forms","Human consumption","Euro/Tonne","Romania",":",""
"2006","Total","Abalones, winkles, conchs","All presentation forms","Human consumption","Euro","Romania",":",""
"2006","Total","Abalones, winkles, conchs","All presentation forms","Human consumption","Tonnes product weight","Romania",":",""
"2006","Total","Abalones, winkles, conchs","All presentation forms","Human consumption","Euro/Tonne","Romania",":",""
"2006","Total","Mussels","All presentation forms","Human consumption","Euro","Romania",":",""
"2006","Total","Mussels","All presentation forms","Human consumption","Tonnes product weight","Romania",":",""
"2006","Total","Mussels","All presentation forms","Human consumption","Euro/Tonne","Romania",":",""
"2006","Total","European anchovy - Engraulis encrasicolus","All presentation forms","Human consumption","Euro","Romania","6,853",""
"2006","Total","European anchovy - Engraulis encrasicolus","All presentation forms","Human consumption","Tonnes product weight","Romania","10",""
"2006","Total","European anchovy - Engraulis encrasicolus","All presentation forms","Human consumption","Euro/Tonne","Romania","709",""
"2006","Total","Caspian shads - Caspialosa spp","All presentation forms","Human consumption","Euro","Romania",":",""
"2006","Total","Caspian shads - Caspialosa spp","All presentation forms","Human consumption","Tonnes product weight","Romania",":",""
"2006","Total","Caspian shads - Caspialosa spp","All presentation forms","Human consumption","Euro/Tonne","Romania",":",""
"2006","Total","Big-scale sand smelt - Atherina boyeri","All presentation forms","Human consumption","Euro","Romania",":",""
"2006","Total","Big-scale sand smelt - Atherina boyeri","All presentation forms","Human consumption","Tonnes product weight","Romania",":",""
"2006","Total","Big-scale sand smelt - Atherina boyeri","All presentation forms","Human consumption","Euro/Tonne","Romania",":",""
"2006","Total","Bluefish - Pomatomus saltatrix","All presentation forms","Human consumption","Euro","Romania","513",""
"2006","Total","Bluefish - Pomatomus saltatrix","All presentation forms","Human consumption","Tonnes product weight","Romania","0",""
"2006","Total","Bluefish - Pomatomus saltatrix","All presentation forms","Human consumption","Euro/Tonne","Romania","2,836",""
"2006","Total","Atlantic bonito - Sarda sarda","All presentation forms","Human consumption","Euro","Romania","545",""
"2006","Total","Atlantic bonito - Sarda sarda","All presentation forms","Human consumption","Tonnes product weight","Romania","0",""
"2006","Total","Atlantic bonito - Sarda sarda","All presentation forms","Human consumption","Euro/Tonne","Romania","3,403",""
"2006","Total","Caspian shad - Alosa caspia","All presentation forms","Human consumption","Euro","Romania",":",""
"2006","Total","Caspian shad - Alosa caspia","All presentation forms","Human consumption","Tonnes product weight","Romania",":",""
"2006","Total","Caspian shad - Alosa caspia","All presentation forms","Human consumption","Euro/Tonne","Romania",":",""
"2006","Total","Picked dogfish - Squalus acanthias","All presentation forms","Human consumption","Euro","Romania","16,873",""
"2006","Total","Picked dogfish - Squalus acanthias","All presentation forms","Human consumption","Tonnes product weight","Romania","8",""
"2006","Total","Picked dogfish - Squalus acanthias","All presentation forms","Human consumption","Euro/Tonne","Romania","2,127",""
"2006","Total","Finfishes nei - Osteichthyes","All presentation forms","Human consumption","Euro","Romania",":",""
"2006","Total","Finfishes nei - Osteichthyes","All presentation forms","Human consumption","Tonnes product weight","Romania",":",""
"2006","Total","Finfishes nei - Osteichthyes","All presentation forms","Human consumption","Euro/Tonne","Romania",":",""
"2006","Total","Garfish - Belone belone","All presentation forms","Human consumption","Euro","Romania","605",""
"2006","Total","Garfish - Belone belone","All presentation forms","Human consumption","Tonnes product weight","Romania","0",""
"2006","Total","Garfish - Belone belone","All presentation forms","Human consumption","Euro/Tonne","Romania","3,687",""
"2006","Total","Gobies nei - Gobiidae","All presentation forms","Human consumption","Euro","Romania","20,873",""
"2006","Total","Gobies nei - Gobiidae","All presentation forms","Human consumption","Tonnes product weight","Romania","23",""
"2006","Total","Gobies nei - Gobiidae","All presentation forms","Human consumption","Euro/Tonne","Romania","908",""
"2006","Total","Mediterranean horse mackerel - Trachurus mediterraneus","All presentation forms","Human consumption","Euro","Romania","11,440",""
"2006","Total","Mediterranean horse mackerel - Trachurus mediterraneus","All presentation forms","Human consumption","Tonnes product weight","Romania","8",""
"2006","Total","Mediterranean horse mackerel - Trachurus mediterraneus","All presentation forms","Human consumption","Euro/Tonne","Romania","1,418",""
"2006","Total","Knout goby - Mesogobius batrachocephalus","All presentation forms","Human consumption","Euro","Romania","504",""
"2006","Total","Knout goby - Mesogobius batrachocephalus","All presentation forms","Human consumption","Tonnes product weight","Romania","0",""
"2006","Total","Knout goby - Mesogobius batrachocephalus","All presentation forms","Human consumption","Euro/Tonne","Romania","1,702",""
"2006","Total","Butterfly goby - Amblygobius albimaculatus","All presentation forms","Human consumption","Euro","Romania",":",""
"2006","Total","Butterfly goby - Amblygobius albimaculatus","All presentation forms","Human consumption","Tonnes product weight","Romania",":",""
"2006","Total","Butterfly goby - Amblygobius albimaculatus","All presentation forms","Human consumption","Euro/Tonne","Romania",":",""
"2006","Total","Golden grey mullet - Liza aurata","All presentation forms","Human consumption","Euro","Romania",":",""
"2006","Total","Golden grey mullet - Liza aurata","All presentation forms","Human consumption","Tonnes product weight","Romania",":",""
"2006","Total","Golden grey mullet - Liza aurata","All presentation forms","Human consumption","Euro/Tonne","Romania",":",""
"2006","Total","Mediterranean mussel - Mytilus galloprovincialis","All presentation forms","Human consumption","Euro","Romania",":",""
"2006","Total","Mediterranean mussel - Mytilus galloprovincialis","All presentation forms","Human consumption","Tonnes product weight","Romania",":",""
"2006","Total","Mediterranean mussel - Mytilus galloprovincialis","All presentation forms","Human consumption","Euro/Tonne","Romania",":",""
"2006","Total","Flathead grey mullet - Mugil cephalus","All presentation forms","Human consumption","Euro","Romania",":",""
"2006","Total","Flathead grey mullet - Mugil cephalus","All presentation forms","Human consumption","Tonnes product weight","Romania",":",""
"2006","Total","Flathead grey mullet - Mugil cephalus","All presentation forms","Human consumption","Euro/Tonne","Romania",":",""
"2006","Total","Mullets nei - Mugilidae","All presentation forms","Human consumption","Euro","Romania","3,250",""
"2006","Total","Mullets nei - Mugilidae","All presentation forms","Human consumption","Tonnes product weight","Romania","1",""
"2006","Total","Mullets nei - Mugilidae","All presentation forms","Human consumption","Euro/Tonne","Romania","2,836",""
"2006","Total","Surmullet - Mullus surmuletus","All presentation forms","Human consumption","Euro","Romania",":",""
"2006","Total","Surmullet - Mullus surmuletus","All presentation forms","Human consumption","Tonnes product weight","Romania",":",""
"2006","Total","Surmullet - Mullus surmuletus","All presentation forms","Human consumption","Euro/Tonne","Romania",":",""
"2006","Total","Red mullet - Mullus barbatus","All presentation forms","Human consumption","Euro","Romania",":",""
"2006","Total","Red mullet - Mullus barbatus","All presentation forms","Human consumption","Tonnes product weight","Romania",":",""
"2006","Total","Red mullet - Mullus barbatus","All presentation forms","Human consumption","Euro/Tonne","Romania",":",""
"2006","Total","Surmullets(=Red mullets) nei - Mullus spp","All presentation forms","Human consumption","Euro","Romania","693",""
"2006","Total","Surmullets(=Red mullets) nei - Mullus spp","All presentation forms","Human consumption","Tonnes product weight","Romania","0",""
"2006","Total","Surmullets(=Red mullets) nei - Mullus spp","All presentation forms","Human consumption","Euro/Tonne","Romania","2,127",""
"2006","Total","Marine fishes nei - Osteichthyes","All presentation forms","Human consumption","Euro","Romania","22,583",""
"2006","Total","Marine fishes nei - Osteichthyes","All presentation forms","Human consumption","Tonnes product weight","Romania","32",""
"2006","Total","Marine fishes nei - Osteichthyes","All presentation forms","Human consumption","Euro/Tonne","Romania","709",""
"2006","Total","Thomas' rapa whelk - Rapana venosa","All presentation forms","Human consumption","Euro","Romania",":",""
"2006","Total","Thomas' rapa whelk - Rapana venosa","All presentation forms","Human consumption","Tonnes product weight","Romania",":",""
"2006","Total","Thomas' rapa whelk - Rapana venosa","All presentation forms","Human consumption","Euro/Tonne","Romania",":",""
"2006","Total","Pontic shad - Alosa pontica","All presentation forms","Human consumption","Euro","Romania","2,753",""
"2006","Total","Pontic shad - Alosa pontica","All presentation forms","Human consumption","Tonnes product weight","Romania","4",""
"2006","Total","Pontic shad - Alosa pontica","All presentation forms","Human consumption","Euro/Tonne","Romania","718",""
"2006","Total","Black Sea shad - Alosa maeotica","All presentation forms","Human consumption","Euro","Romania",":",""
"2006","Total","Black Sea shad - Alosa maeotica","All presentation forms","Human consumption","Tonnes product weight","Romania",":",""
"2006","Total","Black Sea shad - Alosa maeotica","All presentation forms","Human consumption","Euro/Tonne","Romania",":",""
"2006","Total","Silversides(=Sand smelts) nei - Atherinidae","All presentation forms","Human consumption","Euro","Romania",":",""
"2006","Total","Silversides(=Sand smelts) nei - Atherinidae","All presentation forms","Human consumption","Tonnes product weight","Romania",":",""
"2006","Total","Silversides(=Sand smelts) nei - Atherinidae","All presentation forms","Human consumption","Euro/Tonne","Romania",":",""
"2006","Total","European sprat - Sprattus sprattus","All presentation forms","Human consumption","Euro","Romania","313,971",""
"2006","Total","European sprat - Sprattus sprattus","All presentation forms","Human consumption","Tonnes product weight","Romania","492",""
"2006","Total","European sprat - Sprattus sprattus","All presentation forms","Human consumption","Euro/Tonne","Romania","638",""
"2006","Total","Turbot - Psetta maxima","All presentation forms","Human consumption","Euro","Romania","180,101",""
"2006","Total","Turbot - Psetta maxima","All presentation forms","Human consumption","Tonnes product weight","Romania","32",""
"2006","Total","Turbot - Psetta maxima","All presentation forms","Human consumption","Euro/Tonne","Romania","5,672",""
"2006","Total","Whiting - Merlangius merlangus","All presentation forms","Human consumption","Euro","Romania","1,369",""
"2006","Total","Whiting - Merlangius merlangus","All presentation forms","Human consumption","Tonnes product weight","Romania","5",""
"2006","Total","Whiting - Merlangius merlangus","All presentation forms","Human consumption","Euro/Tonne","Romania","284",""
"2007","Total","Total fishery products","All presentation forms","Human consumption","Euro","Romania","736,665",""
"2007","Total","Total fishery products","All presentation forms","Human consumption","Tonnes product weight","Romania","518",""
"2007","Total","Total fishery products","All presentation forms","Human consumption","Euro/Tonne","Romania","1,422",""
"2007","Total","Aquatic animals","All presentation forms","Human consumption","Euro","Romania","736,665",""
"2007","Total","Aquatic animals","All presentation forms","Human consumption","Tonnes product weight","Romania","518",""
"2007","Total","Aquatic animals","All presentation forms","Human consumption","Euro/Tonne","Romania","1,422",""
"2007","Total","Freshwater and diadromous fishes","All presentation forms","Human consumption","Euro","Romania","11,543",""
"2007","Total","Freshwater and diadromous fishes","All presentation forms","Human consumption","Tonnes product weight","Romania","10",""
"2007","Total","Freshwater and diadromous fishes","All presentation forms","Human consumption","Euro/Tonne","Romania","1,154",""
"2007","Total","Crustaceans and molluscs","All presentation forms","Human consumption","Euro","Romania","37,778",""
"2007","Total","Crustaceans and molluscs","All presentation forms","Human consumption","Tonnes product weight","Romania","14",""
"2007","Total","Crustaceans and molluscs","All presentation forms","Human consumption","Euro/Tonne","Romania","2,698",""
"2007","Total","Finfish","All presentation forms","Human consumption","Euro","Romania","698,888",""
"2007","Total","Finfish","All presentation forms","Human consumption","Tonnes product weight","Romania","504",""
"2007","Total","Finfish","All presentation forms","Human consumption","Euro/Tonne","Romania","1,387",""
"2007","Total","Finfish and invertebrates","All presentation forms","Human consumption","Euro","Romania","736,665",""
"2007","Total","Finfish and invertebrates","All presentation forms","Human consumption","Tonnes product weight","Romania","518",""
"2007","Total","Finfish and invertebrates","All presentation forms","Human consumption","Euro/Tonne","Romania","1,422",""
"2007","Total","Freshwater fishes","All presentation forms","Human consumption","Euro","Romania","2,099",""
"2007","Total","Freshwater fishes","All presentation forms","Human consumption","Tonnes product weight","Romania","1",""
"2007","Total","Freshwater fishes","All presentation forms","Human consumption","Euro/Tonne","Romania","2,099",""
"2007","Total","Miscellaneous freshwater fishes","All presentation forms","Human consumption","Euro","Romania","2,099",""
"2007","Total","Miscellaneous freshwater fishes","All presentation forms","Human consumption","Tonnes product weight","Romania","1",""
"2007","Total","Miscellaneous freshwater fishes","All presentation forms","Human consumption","Euro/Tonne","Romania","2,099",""
"2007","Total","Diadromous fishes","All presentation forms","Human consumption","Euro","Romania","9,444",""
"2007","Total","Diadromous fishes","All presentation forms","Human consumption","Tonnes product weight","Romania","9",""
"2007","Total","Diadromous fishes","All presentation forms","Human consumption","Euro/Tonne","Romania","1,049",""
"2007","Total","Shads","All presentation forms","Human consumption","Euro","Romania","9,444",""
"2007","Total","Shads","All presentation forms","Human consumption","Tonnes product weight","Romania","9",""
"2007","Total","Shads","All presentation forms","Human consumption","Euro/Tonne","Romania","1,049",""
"2007","Total","Marine fishes","All presentation forms","Human consumption","Euro","Romania","687,344",""
"2007","Total","Marine fishes","All presentation forms","Human consumption","Tonnes product weight","Romania","494",""
"2007","Total","Marine fishes","All presentation forms","Human consumption","Euro/Tonne","Romania","1,391",""
"2007","Total","Flounders, halibuts, soles","All presentation forms","Human consumption","Euro","Romania","341,798",""
"2007","Total","Flounders, halibuts, soles","All presentation forms","Human consumption","Tonnes product weight","Romania","57",""
"2007","Total","Flounders, halibuts, soles","All presentation forms","Human consumption","Euro/Tonne","Romania","5,996",""
"2007","Total","Cods, hakes, haddocks","All presentation forms","Human consumption","Euro","Romania","38,137",""
"2007","Total","Cods, hakes, haddocks","All presentation forms","Human consumption","Tonnes product weight","Romania","106",""
"2007","Total","Cods, hakes, haddocks","All presentation forms","Human consumption","Euro/Tonne","Romania","360",""
"2007","Total","Miscellaneous coastal fishes","All presentation forms","Human consumption","Euro","Romania","74,356",""
"2007","Total","Miscellaneous coastal fishes","All presentation forms","Human consumption","Tonnes product weight","Romania","39",""
"2007","Total","Miscellaneous coastal fishes","All presentation forms","Human consumption","Euro/Tonne","Romania","1,907",""
"2007","Total","Herrings, sardines, anchovies","All presentation forms","Human consumption","Euro","Romania","188,889",""
"2007","Total","Herrings, sardines, anchovies","All presentation forms","Human consumption","Tonnes product weight","Romania","267",""
"2007","Total","Herrings, sardines, anchovies","All presentation forms","Human consumption","Euro/Tonne","Romania","707",""
"2007","Total","Tunas, bonitos, billfishes","All presentation forms","Human consumption","Euro","Romania",":",""
"2007","Total","Tunas, bonitos, billfishes","All presentation forms","Human consumption","Tonnes product weight","Romania",":",""
"2007","Total","Tunas, bonitos, billfishes","All presentation forms","Human consumption","Euro/Tonne","Romania",":",""
"2007","Total","Miscellaneous pelagic fishes","All presentation forms","Human consumption","Euro","Romania","10,494",""
"2007","Total","Miscellaneous pelagic fishes","All presentation forms","Human consumption","Tonnes product weight","Romania","7",""
"2007","Total","Miscellaneous pelagic fishes","All presentation forms","Human consumption","Euro/Tonne","Romania","1,499",""
"2007","Total","Sharks, rays, chimaeras","All presentation forms","Human consumption","Euro","Romania","31,182",""
"2007","Total","Sharks, rays, chimaeras","All presentation forms","Human consumption","Tonnes product weight","Romania","13",""
"2007","Total","Sharks, rays, chimaeras","All presentation forms","Human consumption","Euro/Tonne","Romania","2,399",""
"2007","Total","Marine fishes not identified","All presentation forms","Human consumption","Euro","Romania","2,489",""
"2007","Total","Marine fishes not identified","All presentation forms","Human consumption","Tonnes product weight","Romania","5",""
"2007","Total","Marine fishes not identified","All presentation forms","Human consumption","Euro/Tonne","Romania","498",""
"2007","Total","Molluscs","All presentation forms","Human consumption","Euro","Romania","37,778",""
"2007","Total","Molluscs","All presentation forms","Human consumption","Tonnes product weight","Romania","14",""
"2007","Total","Molluscs","All presentation forms","Human consumption","Euro/Tonne","Romania","2,698",""
"2007","Total","Abalones, winkles, conchs","All presentation forms","Human consumption","Euro","Romania",":",""
"2007","Total","Abalones, winkles, conchs","All presentation forms","Human consumption","Tonnes product weight","Romania",":",""
"2007","Total","Abalones, winkles, conchs","All presentation forms","Human consumption","Euro/Tonne","Romania",":",""
"2007","Total","Mussels","All presentation forms","Human consumption","Euro","Romania","37,778",""
"2007","Total","Mussels","All presentation forms","Human consumption","Tonnes product weight","Romania","14",""
"2007","Total","Mussels","All presentation forms","Human consumption","Euro/Tonne","Romania","2,698",""
"2007","Total","European anchovy - Engraulis encrasicolus","All presentation forms","Human consumption","Euro","Romania","35,079",""
"2007","Total","European anchovy - Engraulis encrasicolus","All presentation forms","Human consumption","Tonnes product weight","Romania","39",""
"2007","Total","European anchovy - Engraulis encrasicolus","All presentation forms","Human consumption","Euro/Tonne","Romania","899",""
"2007","Total","Caspian shads - Caspialosa spp","All presentation forms","Human consumption","Euro","Romania",":",""
"2007","Total","Caspian shads - Caspialosa spp","All presentation forms","Human consumption","Tonnes product weight","Romania",":",""
"2007","Total","Caspian shads - Caspialosa spp","All presentation forms","Human consumption","Euro/Tonne","Romania",":",""
"2007","Total","Big-scale sand smelt - Atherina boyeri","All presentation forms","Human consumption","Euro","Romania",":",""
"2007","Total","Big-scale sand smelt - Atherina boyeri","All presentation forms","Human consumption","Tonnes product weight","Romania",":",""
"2007","Total","Big-scale sand smelt - Atherina boyeri","All presentation forms","Human consumption","Euro/Tonne","Romania",":",""
"2007","Total","Bluefish - Pomatomus saltatrix","All presentation forms","Human consumption","Euro","Romania",":",""
"2007","Total","Bluefish - Pomatomus saltatrix","All presentation forms","Human consumption","Tonnes product weight","Romania",":",""
"2007","Total","Bluefish - Pomatomus saltatrix","All presentation forms","Human consumption","Euro/Tonne","Romania",":",""
"2007","Total","Atlantic bonito - Sarda sarda","All presentation forms","Human consumption","Euro","Romania",":",""
"2007","Total","Atlantic bonito - Sarda sarda","All presentation forms","Human consumption","Tonnes product weight","Romania",":",""
"2007","Total","Atlantic bonito - Sarda sarda","All presentation forms","Human consumption","Euro/Tonne","Romania",":",""
"2007","Total","Caspian shad - Alosa caspia","All presentation forms","Human consumption","Euro","Romania",":",""
"2007","Total","Caspian shad - Alosa caspia","All presentation forms","Human consumption","Tonnes product weight","Romania",":",""
"2007","Total","Caspian shad - Alosa caspia","All presentation forms","Human consumption","Euro/Tonne","Romania",":",""
"2007","Total","Picked dogfish - Squalus acanthias","All presentation forms","Human consumption","Euro","Romania","31,182",""
"2007","Total","Picked dogfish - Squalus acanthias","All presentation forms","Human consumption","Tonnes product weight","Romania","13",""
"2007","Total","Picked dogfish - Squalus acanthias","All presentation forms","Human consumption","Euro/Tonne","Romania","2,399",""
"2007","Total","Finfishes nei - Osteichthyes","All presentation forms","Human consumption","Euro","Romania","1,799",""
"2007","Total","Finfishes nei - Osteichthyes","All presentation forms","Human consumption","Tonnes product weight","Romania","4",""
"2007","Total","Finfishes nei - Osteichthyes","All presentation forms","Human consumption","Euro/Tonne","Romania","450",""
"2007","Total","Garfish - Belone belone","All presentation forms","Human consumption","Euro","Romania",":",""
"2007","Total","Garfish - Belone belone","All presentation forms","Human consumption","Tonnes product weight","Romania",":",""
"2007","Total","Garfish - Belone belone","All presentation forms","Human consumption","Euro/Tonne","Romania",":",""
"2007","Total","Gobies nei - Gobiidae","All presentation forms","Human consumption","Euro","Romania","18,889",""
"2007","Total","Gobies nei - Gobiidae","All presentation forms","Human consumption","Tonnes product weight","Romania","18",""
"2007","Total","Gobies nei - Gobiidae","All presentation forms","Human consumption","Euro/Tonne","Romania","1,049",""
"2007","Total","Mediterranean horse mackerel - Trachurus mediterraneus","All presentation forms","Human consumption","Euro","Romania","10,494",""
"2007","Total","Mediterranean horse mackerel - Trachurus mediterraneus","All presentation forms","Human consumption","Tonnes product weight","Romania","7",""
"2007","Total","Mediterranean horse mackerel - Trachurus mediterraneus","All presentation forms","Human consumption","Euro/Tonne","Romania","1,499",""
"2007","Total","Knout goby - Mesogobius batrachocephalus","All presentation forms","Human consumption","Euro","Romania","2,099",""
"2007","Total","Knout goby - Mesogobius batrachocephalus","All presentation forms","Human consumption","Tonnes product weight","Romania","1",""
"2007","Total","Knout goby - Mesogobius batrachocephalus","All presentation forms","Human consumption","Euro/Tonne","Romania","2,099",""
"2007","Total","Butterfly goby - Amblygobius albimaculatus","All presentation forms","Human consumption","Euro","Romania",":",""
"2007","Total","Butterfly goby - Amblygobius albimaculatus","All presentation forms","Human consumption","Tonnes product weight","Romania",":",""
"2007","Total","Butterfly goby - Amblygobius albimaculatus","All presentation forms","Human consumption","Euro/Tonne","Romania",":",""
"2007","Total","Golden grey mullet - Liza aurata","All presentation forms","Human consumption","Euro","Romania",":",""
"2007","Total","Golden grey mullet - Liza aurata","All presentation forms","Human consumption","Tonnes product weight","Romania",":",""
"2007","Total","Golden grey mullet - Liza aurata","All presentation forms","Human consumption","Euro/Tonne","Romania",":",""
"2007","Total","Mediterranean mussel - Mytilus galloprovincialis","All presentation forms","Human consumption","Euro","Romania","37,778",""
"2007","Total","Mediterranean mussel - Mytilus galloprovincialis","All presentation forms","Human consumption","Tonnes product weight","Romania","14",""
"2007","Total","Mediterranean mussel - Mytilus galloprovincialis","All presentation forms","Human consumption","Euro/Tonne","Romania","2,698",""
"2007","Total","Flathead grey mullet - Mugil cephalus","All presentation forms","Human consumption","Euro","Romania",":",""
"2007","Total","Flathead grey mullet - Mugil cephalus","All presentation forms","Human consumption","Tonnes product weight","Romania",":",""
"2007","Total","Flathead grey mullet - Mugil cephalus","All presentation forms","Human consumption","Euro/Tonne","Romania",":",""
"2007","Total","Mullets nei - Mugilidae","All presentation forms","Human consumption","Euro","Romania","53,968",""
"2007","Total","Mullets nei - Mugilidae","All presentation forms","Human consumption","Tonnes product weight","Romania","20",""
"2007","Total","Mullets nei - Mugilidae","All presentation forms","Human consumption","Euro/Tonne","Romania","2,698",""
"2007","Total","Surmullet - Mullus surmuletus","All presentation forms","Human consumption","Euro","Romania",":",""
"2007","Total","Surmullet - Mullus surmuletus","All presentation forms","Human consumption","Tonnes product weight","Romania",":",""
"2007","Total","Surmullet - Mullus surmuletus","All presentation forms","Human consumption","Euro/Tonne","Romania",":",""
"2007","Total","Red mullet - Mullus barbatus","All presentation forms","Human consumption","Euro","Romania",":",""
"2007","Total","Red mullet - Mullus barbatus","All presentation forms","Human consumption","Tonnes product weight","Romania",":",""
"2007","Total","Red mullet - Mullus barbatus","All presentation forms","Human consumption","Euro/Tonne","Romania",":",""
"2007","Total","Surmullets(=Red mullets) nei - Mullus spp","All presentation forms","Human consumption","Euro","Romania","1,499",""
"2007","Total","Surmullets(=Red mullets) nei - Mullus spp","All presentation forms","Human consumption","Tonnes product weight","Romania","1",""
"2007","Total","Surmullets(=Red mullets) nei - Mullus spp","All presentation forms","Human consumption","Euro/Tonne","Romania","1,499",""
"2007","Total","Marine fishes nei - Osteichthyes","All presentation forms","Human consumption","Euro","Romania","690",""
"2007","Total","Marine fishes nei - Osteichthyes","All presentation forms","Human consumption","Tonnes product weight","Romania","1",""
"2007","Total","Marine fishes nei - Osteichthyes","All presentation forms","Human consumption","Euro/Tonne","Romania","690",""
"2007","Total","Thomas' rapa whelk - Rapana venosa","All presentation forms","Human consumption","Euro","Romania",":",""
"2007","Total","Thomas' rapa whelk - Rapana venosa","All presentation forms","Human consumption","Tonnes product weight","Romania",":",""
"2007","Total","Thomas' rapa whelk - Rapana venosa","All presentation forms","Human consumption","Euro/Tonne","Romania",":",""
"2007","Total","Pontic shad - Alosa pontica","All presentation forms","Human consumption","Euro","Romania","9,444",""
"2007","Total","Pontic shad - Alosa pontica","All presentation forms","Human consumption","Tonnes product weight","Romania","9",""
"2007","Total","Pontic shad - Alosa pontica","All presentation forms","Human consumption","Euro/Tonne","Romania","1,049",""
"2007","Total","Black Sea shad - Alosa maeotica","All presentation forms","Human consumption","Euro","Romania",":",""
"2007","Total","Black Sea shad - Alosa maeotica","All presentation forms","Human consumption","Tonnes product weight","Romania",":",""
"2007","Total","Black Sea shad - Alosa maeotica","All presentation forms","Human consumption","Euro/Tonne","Romania",":",""
"2007","Total","Silversides(=Sand smelts) nei - Atherinidae","All presentation forms","Human consumption","Euro","Romania",":",""
"2007","Total","Silversides(=Sand smelts) nei - Atherinidae","All presentation forms","Human consumption","Tonnes product weight","Romania",":",""
"2007","Total","Silversides(=Sand smelts) nei - Atherinidae","All presentation forms","Human consumption","Euro/Tonne","Romania",":",""
"2007","Total","European sprat - Sprattus sprattus","All presentation forms","Human consumption","Euro","Romania","153,809",""
"2007","Total","European sprat - Sprattus sprattus","All presentation forms","Human consumption","Tonnes product weight","Romania","228",""
"2007","Total","European sprat - Sprattus sprattus","All presentation forms","Human consumption","Euro/Tonne","Romania","675",""
"2007","Total","Turbot - Psetta maxima","All presentation forms","Human consumption","Euro","Romania","341,798",""
"2007","Total","Turbot - Psetta maxima","All presentation forms","Human consumption","Tonnes product weight","Romania","57",""
"2007","Total","Turbot - Psetta maxima","All presentation forms","Human consumption","Euro/Tonne","Romania","5,996",""
"2007","Total","Whiting - Merlangius merlangus","All presentation forms","Human consumption","Euro","Romania","38,137",""
"2007","Total","Whiting - Merlangius merlangus","All presentation forms","Human consumption","Tonnes product weight","Romania","106",""
"2007","Total","Whiting - Merlangius merlangus","All presentation forms","Human consumption","Euro/Tonne","Romania","360",""
"2008","Total","Total fishery products","All presentation forms","Human consumption","Euro","Romania","659,040",""
"2008","Total","Total fishery products","All presentation forms","Human consumption","Tonnes product weight","Romania","444",""
"2008","Total","Total fishery products","All presentation forms","Human consumption","Euro/Tonne","Romania","1,485",""
"2008","Total","Aquatic animals","All presentation forms","Human consumption","Euro","Romania","659,040",""
"2008","Total","Aquatic animals","All presentation forms","Human consumption","Tonnes product weight","Romania","444",""
"2008","Total","Aquatic animals","All presentation forms","Human consumption","Euro/Tonne","Romania","1,485",""
"2008","Total","Freshwater and diadromous fishes","All presentation forms","Human consumption","Euro","Romania","117,942",""
"2008","Total","Freshwater and diadromous fishes","All presentation forms","Human consumption","Tonnes product weight","Romania","48",""
"2008","Total","Freshwater and diadromous fishes","All presentation forms","Human consumption","Euro/Tonne","Romania","2,483",""
"2008","Total","Crustaceans and molluscs","All presentation forms","Human consumption","Euro","Romania","855",""
"2008","Total","Crustaceans and molluscs","All presentation forms","Human consumption","Tonnes product weight","Romania","0",""
"2008","Total","Crustaceans and molluscs","All presentation forms","Human consumption","Euro/Tonne","Romania","2,851",""
"2008","Total","Finfish","All presentation forms","Human consumption","Euro","Romania","658,185",""
"2008","Total","Finfish","All presentation forms","Human consumption","Tonnes product weight","Romania","444",""
"2008","Total","Finfish","All presentation forms","Human consumption","Euro/Tonne","Romania","1,484",""
"2008","Total","Finfish and invertebrates","All presentation forms","Human consumption","Euro","Romania","659,040",""
"2008","Total","Finfish and invertebrates","All presentation forms","Human consumption","Tonnes product weight","Romania","444",""
"2008","Total","Finfish and invertebrates","All presentation forms","Human consumption","Euro/Tonne","Romania","1,485",""
"2008","Total","Freshwater fishes","All presentation forms","Human consumption","Euro","Romania",":",""
"2008","Total","Freshwater fishes","All presentation forms","Human consumption","Tonnes product weight","Romania",":",""
"2008","Total","Freshwater fishes","All presentation forms","Human consumption","Euro/Tonne","Romania",":",""
"2008","Total","Miscellaneous freshwater fishes","All presentation forms","Human consumption","Euro","Romania",":",""
"2008","Total","Miscellaneous freshwater fishes","All presentation forms","Human consumption","Tonnes product weight","Romania",":",""
"2008","Total","Miscellaneous freshwater fishes","All presentation forms","Human consumption","Euro/Tonne","Romania",":",""
"2008","Total","Diadromous fishes","All presentation forms","Human consumption","Euro","Romania","117,942",""
"2008","Total","Diadromous fishes","All presentation forms","Human consumption","Tonnes product weight","Romania","48",""
"2008","Total","Diadromous fishes","All presentation forms","Human consumption","Euro/Tonne","Romania","2,483",""
"2008","Total","Shads","All presentation forms","Human consumption","Euro","Romania","117,942",""
"2008","Total","Shads","All presentation forms","Human consumption","Tonnes product weight","Romania","48",""
"2008","Total","Shads","All presentation forms","Human consumption","Euro/Tonne","Romania","2,483",""
"2008","Total","Marine fishes","All presentation forms","Human consumption","Euro","Romania","540,242",""
"2008","Total","Marine fishes","All presentation forms","Human consumption","Tonnes product weight","Romania","396",""
"2008","Total","Marine fishes","All presentation forms","Human consumption","Euro/Tonne","Romania","1,364",""
"2008","Total","Flounders, halibuts, soles","All presentation forms","Human consumption","Euro","Romania","273,320",""
"2008","Total","Flounders, halibuts, soles","All presentation forms","Human consumption","Tonnes product weight","Romania","47",""
"2008","Total","Flounders, halibuts, soles","All presentation forms","Human consumption","Euro/Tonne","Romania","5,803",""
"2008","Total","Cods, hakes, haddocks","All presentation forms","Human consumption","Euro","Romania","15,383",""
"2008","Total","Cods, hakes, haddocks","All presentation forms","Human consumption","Tonnes product weight","Romania","55",""
"2008","Total","Cods, hakes, haddocks","All presentation forms","Human consumption","Euro/Tonne","Romania","280",""
"2008","Total","Miscellaneous coastal fishes","All presentation forms","Human consumption","Euro","Romania","34,076",""
"2008","Total","Miscellaneous coastal fishes","All presentation forms","Human consumption","Tonnes product weight","Romania","21",""
"2008","Total","Miscellaneous coastal fishes","All presentation forms","Human consumption","Euro/Tonne","Romania","1,607",""
"2008","Total","Herrings, sardines, anchovies","All presentation forms","Human consumption","Euro","Romania","165,160",""
"2008","Total","Herrings, sardines, anchovies","All presentation forms","Human consumption","Tonnes product weight","Romania","249",""
"2008","Total","Herrings, sardines, anchovies","All presentation forms","Human consumption","Euro/Tonne","Romania","663",""
"2008","Total","Tunas, bonitos, billfishes","All presentation forms","Human consumption","Euro","Romania",":",""
"2008","Total","Tunas, bonitos, billfishes","All presentation forms","Human consumption","Tonnes product weight","Romania",":",""
"2008","Total","Tunas, bonitos, billfishes","All presentation forms","Human consumption","Euro/Tonne","Romania",":",""
"2008","Total","Miscellaneous pelagic fishes","All presentation forms","Human consumption","Euro","Romania","24,602",""
"2008","Total","Miscellaneous pelagic fishes","All presentation forms","Human consumption","Tonnes product weight","Romania","12",""
"2008","Total","Miscellaneous pelagic fishes","All presentation forms","Human consumption","Euro/Tonne","Romania","2,050",""
"2008","Total","Sharks, rays, chimaeras","All presentation forms","Human consumption","Euro","Romania","25,770",""
"2008","Total","Sharks, rays, chimaeras","All presentation forms","Human consumption","Tonnes product weight","Romania","10",""
"2008","Total","Sharks, rays, chimaeras","All presentation forms","Human consumption","Euro/Tonne","Romania","2,577",""
"2008","Total","Marine fishes not identified","All presentation forms","Human consumption","Euro","Romania","1,931",""
"2008","Total","Marine fishes not identified","All presentation forms","Human consumption","Tonnes product weight","Romania","2",""
"2008","Total","Marine fishes not identified","All presentation forms","Human consumption","Euro/Tonne","Romania","1,073",""
"2008","Total","Molluscs","All presentation forms","Human consumption","Euro","Romania","855",""
"2008","Total","Molluscs","All presentation forms","Human consumption","Tonnes product weight","Romania","0",""
"2008","Total","Molluscs","All presentation forms","Human consumption","Euro/Tonne","Romania","2,851",""
"2008","Total","Abalones, winkles, conchs","All presentation forms","Human consumption","Euro","Romania",":",""
"2008","Total","Abalones, winkles, conchs","All presentation forms","Human consumption","Tonnes product weight","Romania",":",""
"2008","Total","Abalones, winkles, conchs","All presentation forms","Human consumption","Euro/Tonne","Romania",":",""
"2008","Total","Mussels","All presentation forms","Human consumption","Euro","Romania","855",""
"2008","Total","Mussels","All presentation forms","Human consumption","Tonnes product weight","Romania","0",""
"2008","Total","Mussels","All presentation forms","Human consumption","Euro/Tonne","Romania","2,851",""
"2008","Total","European anchovy - Engraulis encrasicolus","All presentation forms","Human consumption","Euro","Romania","13,930",""
"2008","Total","European anchovy - Engraulis encrasicolus","All presentation forms","Human consumption","Tonnes product weight","Romania","15",""
"2008","Total","European anchovy - Engraulis encrasicolus","All presentation forms","Human consumption","Euro/Tonne","Romania","929",""
"2008","Total","Caspian shads - Caspialosa spp","All presentation forms","Human consumption","Euro","Romania",":",""
"2008","Total","Caspian shads - Caspialosa spp","All presentation forms","Human consumption","Tonnes product weight","Romania",":",""
"2008","Total","Caspian shads - Caspialosa spp","All presentation forms","Human consumption","Euro/Tonne","Romania",":",""
"2008","Total","Big-scale sand smelt - Atherina boyeri","All presentation forms","Human consumption","Euro","Romania",":",""
"2008","Total","Big-scale sand smelt - Atherina boyeri","All presentation forms","Human consumption","Tonnes product weight","Romania",":",""
"2008","Total","Big-scale sand smelt - Atherina boyeri","All presentation forms","Human consumption","Euro/Tonne","Romania",":",""
"2008","Total","Bluefish - Pomatomus saltatrix","All presentation forms","Human consumption","Euro","Romania",":",""
"2008","Total","Bluefish - Pomatomus saltatrix","All presentation forms","Human consumption","Tonnes product weight","Romania",":",""
"2008","Total","Bluefish - Pomatomus saltatrix","All presentation forms","Human consumption","Euro/Tonne","Romania",":",""
"2008","Total","Atlantic bonito - Sarda sarda","All presentation forms","Human consumption","Euro","Romania",":",""
"2008","Total","Atlantic bonito - Sarda sarda","All presentation forms","Human consumption","Tonnes product weight","Romania",":",""
"2008","Total","Atlantic bonito - Sarda sarda","All presentation forms","Human consumption","Euro/Tonne","Romania",":",""
"2008","Total","Caspian shad - Alosa caspia","All presentation forms","Human consumption","Euro","Romania","525",""
"2008","Total","Caspian shad - Alosa caspia","All presentation forms","Human consumption","Tonnes product weight","Romania","1",""
"2008","Total","Caspian shad - Alosa caspia","All presentation forms","Human consumption","Euro/Tonne","Romania","1,051",""
"2008","Total","Picked dogfish - Squalus acanthias","All presentation forms","Human consumption","Euro","Romania","25,770",""
"2008","Total","Picked dogfish - Squalus acanthias","All presentation forms","Human consumption","Tonnes product weight","Romania","10",""
"2008","Total","Picked dogfish - Squalus acanthias","All presentation forms","Human consumption","Euro/Tonne","Romania","2,577",""
"2008","Total","Finfishes nei - Osteichthyes","All presentation forms","Human consumption","Euro","Romania","1,605",""
"2008","Total","Finfishes nei - Osteichthyes","All presentation forms","Human consumption","Tonnes product weight","Romania","1",""
"2008","Total","Finfishes nei - Osteichthyes","All presentation forms","Human consumption","Euro/Tonne","Romania","2,675",""
"2008","Total","Garfish - Belone belone","All presentation forms","Human consumption","Euro","Romania",":",""
"2008","Total","Garfish - Belone belone","All presentation forms","Human consumption","Tonnes product weight","Romania",":",""
"2008","Total","Garfish - Belone belone","All presentation forms","Human consumption","Euro/Tonne","Romania",":",""
"2008","Total","Gobies nei - Gobiidae","All presentation forms","Human consumption","Euro","Romania","11,894",""
"2008","Total","Gobies nei - Gobiidae","All presentation forms","Human consumption","Tonnes product weight","Romania","12",""
"2008","Total","Gobies nei - Gobiidae","All presentation forms","Human consumption","Euro/Tonne","Romania","991",""
"2008","Total","Mediterranean horse mackerel - Trachurus mediterraneus","All presentation forms","Human consumption","Euro","Romania","23,991",""
"2008","Total","Mediterranean horse mackerel - Trachurus mediterraneus","All presentation forms","Human consumption","Tonnes product weight","Romania","11",""
"2008","Total","Mediterranean horse mackerel - Trachurus mediterraneus","All presentation forms","Human consumption","Euro/Tonne","Romania","2,104",""
"2008","Total","Knout goby - Mesogobius batrachocephalus","All presentation forms","Human consumption","Euro","Romania",":",""
"2008","Total","Knout goby - Mesogobius batrachocephalus","All presentation forms","Human consumption","Tonnes product weight","Romania",":",""
"2008","Total","Knout goby - Mesogobius batrachocephalus","All presentation forms","Human consumption","Euro/Tonne","Romania",":",""
"2008","Total","Butterfly goby - Amblygobius albimaculatus","All presentation forms","Human consumption","Euro","Romania","1,925",""
"2008","Total","Butterfly goby - Amblygobius albimaculatus","All presentation forms","Human consumption","Tonnes product weight","Romania","1",""
"2008","Total","Butterfly goby - Amblygobius albimaculatus","All presentation forms","Human consumption","Euro/Tonne","Romania","1,925",""
"2008","Total","Golden grey mullet - Liza aurata","All presentation forms","Human consumption","Euro","Romania",":",""
"2008","Total","Golden grey mullet - Liza aurata","All presentation forms","Human consumption","Tonnes product weight","Romania",":",""
"2008","Total","Golden grey mullet - Liza aurata","All presentation forms","Human consumption","Euro/Tonne","Romania",":",""
"2008","Total","Mediterranean mussel - Mytilus galloprovincialis","All presentation forms","Human consumption","Euro","Romania","855",""
"2008","Total","Mediterranean mussel - Mytilus galloprovincialis","All presentation forms","Human consumption","Tonnes product weight","Romania","0",""
"2008","Total","Mediterranean mussel - Mytilus galloprovincialis","All presentation forms","Human consumption","Euro/Tonne","Romania","2,851",""
"2008","Total","Flathead grey mullet - Mugil cephalus","All presentation forms","Human consumption","Euro","Romania",":",""
"2008","Total","Flathead grey mullet - Mugil cephalus","All presentation forms","Human consumption","Tonnes product weight","Romania",":",""
"2008","Total","Flathead grey mullet - Mugil cephalus","All presentation forms","Human consumption","Euro/Tonne","Romania",":",""
"2008","Total","Mullets nei - Mugilidae","All presentation forms","Human consumption","Euro","Romania","20,008",""
"2008","Total","Mullets nei - Mugilidae","All presentation forms","Human consumption","Tonnes product weight","Romania","8",""
"2008","Total","Mullets nei - Mugilidae","All presentation forms","Human consumption","Euro/Tonne","Romania","2,501",""
"2008","Total","Surmullet - Mullus surmuletus","All presentation forms","Human consumption","Euro","Romania",":",""
"2008","Total","Surmullet - Mullus surmuletus","All presentation forms","Human consumption","Tonnes product weight","Romania",":",""
"2008","Total","Surmullet - Mullus surmuletus","All presentation forms","Human consumption","Euro/Tonne","Romania",":",""
"2008","Total","Red mullet - Mullus barbatus","All presentation forms","Human consumption","Euro","Romania","250",""
"2008","Total","Red mullet - Mullus barbatus","All presentation forms","Human consumption","Tonnes product weight","Romania","0",""
"2008","Total","Red mullet - Mullus barbatus","All presentation forms","Human consumption","Euro/Tonne","Romania","1,249",""
"2008","Total","Surmullets(=Red mullets) nei - Mullus spp","All presentation forms","Human consumption","Euro","Romania",":",""
"2008","Total","Surmullets(=Red mullets) nei - Mullus spp","All presentation forms","Human consumption","Tonnes product weight","Romania",":",""
"2008","Total","Surmullets(=Red mullets) nei - Mullus spp","All presentation forms","Human consumption","Euro/Tonne","Romania",":",""
"2008","Total","Marine fishes nei - Osteichthyes","All presentation forms","Human consumption","Euro","Romania","326",""
"2008","Total","Marine fishes nei - Osteichthyes","All presentation forms","Human consumption","Tonnes product weight","Romania","1",""
"2008","Total","Marine fishes nei - Osteichthyes","All presentation forms","Human consumption","Euro/Tonne","Romania","272",""
"2008","Total","Thomas' rapa whelk - Rapana venosa","All presentation forms","Human consumption","Euro","Romania",":",""
"2008","Total","Thomas' rapa whelk - Rapana venosa","All presentation forms","Human consumption","Tonnes product weight","Romania",":",""
"2008","Total","Thomas' rapa whelk - Rapana venosa","All presentation forms","Human consumption","Euro/Tonne","Romania",":",""
"2008","Total","Pontic shad - Alosa pontica","All presentation forms","Human consumption","Euro","Romania",":",""
"2008","Total","Pontic shad - Alosa pontica","All presentation forms","Human consumption","Tonnes product weight","Romania",":",""
"2008","Total","Pontic shad - Alosa pontica","All presentation forms","Human consumption","Euro/Tonne","Romania",":",""
"2008","Total","Black Sea shad - Alosa maeotica","All presentation forms","Human consumption","Euro","Romania","117,417",""
"2008","Total","Black Sea shad - Alosa maeotica","All presentation forms","Human consumption","Tonnes product weight","Romania","47",""
"2008","Total","Black Sea shad - Alosa maeotica","All presentation forms","Human consumption","Euro/Tonne","Romania","2,498",""
"2008","Total","Silversides(=Sand smelts) nei - Atherinidae","All presentation forms","Human consumption","Euro","Romania","611",""
"2008","Total","Silversides(=Sand smelts) nei - Atherinidae","All presentation forms","Human consumption","Tonnes product weight","Romania","1",""
"2008","Total","Silversides(=Sand smelts) nei - Atherinidae","All presentation forms","Human consumption","Euro/Tonne","Romania","1,018",""
"2008","Total","European sprat - Sprattus sprattus","All presentation forms","Human consumption","Euro","Romania","151,230",""
"2008","Total","European sprat - Sprattus sprattus","All presentation forms","Human consumption","Tonnes product weight","Romania","234",""
"2008","Total","European sprat - Sprattus sprattus","All presentation forms","Human consumption","Euro/Tonne","Romania","646",""
"2008","Total","Turbot - Psetta maxima","All presentation forms","Human consumption","Euro","Romania","273,320",""
"2008","Total","Turbot - Psetta maxima","All presentation forms","Human consumption","Tonnes product weight","Romania","47",""
"2008","Total","Turbot - Psetta maxima","All presentation forms","Human consumption","Euro/Tonne","Romania","5,803",""
"2008","Total","Whiting - Merlangius merlangus","All presentation forms","Human consumption","Euro","Romania","15,383",""
"2008","Total","Whiting - Merlangius merlangus","All presentation forms","Human consumption","Tonnes product weight","Romania","55",""
"2008","Total","Whiting - Merlangius merlangus","All presentation forms","Human consumption","Euro/Tonne","Romania","280",""
"2009","Total","Total fishery products","All presentation forms","Human consumption","Euro","Romania","594,814",""
"2009","Total","Total fishery products","All presentation forms","Human consumption","Tonnes product weight","Romania","332",""
"2009","Total","Total fishery products","All presentation forms","Human consumption","Euro/Tonne","Romania","1,793",""
"2009","Total","Aquatic animals","All presentation forms","Human consumption","Euro","Romania","594,814",""
"2009","Total","Aquatic animals","All presentation forms","Human consumption","Tonnes product weight","Romania","332",""
"2009","Total","Aquatic animals","All presentation forms","Human consumption","Euro/Tonne","Romania","1,793",""
"2009","Total","Freshwater and diadromous fishes","All presentation forms","Human consumption","Euro","Romania","144,243",""
"2009","Total","Freshwater and diadromous fishes","All presentation forms","Human consumption","Tonnes product weight","Romania","72",""
"2009","Total","Freshwater and diadromous fishes","All presentation forms","Human consumption","Euro/Tonne","Romania","2,001",""
"2009","Total","Crustaceans and molluscs","All presentation forms","Human consumption","Euro","Romania","6,899",""
"2009","Total","Crustaceans and molluscs","All presentation forms","Human consumption","Tonnes product weight","Romania","3",""
"2009","Total","Crustaceans and molluscs","All presentation forms","Human consumption","Euro/Tonne","Romania","2,759",""
"2009","Total","Finfish","All presentation forms","Human consumption","Euro","Romania","587,915",""
"2009","Total","Finfish","All presentation forms","Human consumption","Tonnes product weight","Romania","329",""
"2009","Total","Finfish","All presentation forms","Human consumption","Euro/Tonne","Romania","1,785",""
"2009","Total","Finfish and invertebrates","All presentation forms","Human consumption","Euro","Romania","594,814",""
"2009","Total","Finfish and invertebrates","All presentation forms","Human consumption","Tonnes product weight","Romania","332",""
"2009","Total","Finfish and invertebrates","All presentation forms","Human consumption","Euro/Tonne","Romania","1,793",""
"2009","Total","Freshwater fishes","All presentation forms","Human consumption","Euro","Romania","2,247",""
"2009","Total","Freshwater fishes","All presentation forms","Human consumption","Tonnes product weight","Romania","1",""
"2009","Total","Freshwater fishes","All presentation forms","Human consumption","Euro/Tonne","Romania","2,043",""
"2009","Total","Miscellaneous freshwater fishes","All presentation forms","Human consumption","Euro","Romania","2,247",""
"2009","Total","Miscellaneous freshwater fishes","All presentation forms","Human consumption","Tonnes product weight","Romania","1",""
"2009","Total","Miscellaneous freshwater fishes","All presentation forms","Human consumption","Euro/Tonne","Romania","2,043",""
"2009","Total","Diadromous fishes","All presentation forms","Human consumption","Euro","Romania","141,996",""
"2009","Total","Diadromous fishes","All presentation forms","Human consumption","Tonnes product weight","Romania","71",""
"2009","Total","Diadromous fishes","All presentation forms","Human consumption","Euro/Tonne","Romania","2,000",""
"2009","Total","Shads","All presentation forms","Human consumption","Euro","Romania","141,996",""
"2009","Total","Shads","All presentation forms","Human consumption","Tonnes product weight","Romania","71",""
"2009","Total","Shads","All presentation forms","Human consumption","Euro/Tonne","Romania","2,000",""
"2009","Total","Marine fishes","All presentation forms","Human consumption","Euro","Romania","443,672",""
"2009","Total","Marine fishes","All presentation forms","Human consumption","Tonnes product weight","Romania","257",""
"2009","Total","Marine fishes","All presentation forms","Human consumption","Euro/Tonne","Romania","1,725",""
"2009","Total","Flounders, halibuts, soles","All presentation forms","Human consumption","Euro","Romania","257,140",""
"2009","Total","Flounders, halibuts, soles","All presentation forms","Human consumption","Tonnes product weight","Romania","49",""
"2009","Total","Flounders, halibuts, soles","All presentation forms","Human consumption","Euro/Tonne","Romania","5,248",""
"2009","Total","Cods, hakes, haddocks","All presentation forms","Human consumption","Euro","Romania","9,113",""
"2009","Total","Cods, hakes, haddocks","All presentation forms","Human consumption","Tonnes product weight","Romania","42",""
"2009","Total","Cods, hakes, haddocks","All presentation forms","Human consumption","Euro/Tonne","Romania","217",""
"2009","Total","Miscellaneous coastal fishes","All presentation forms","Human consumption","Euro","Romania","47,412",""
"2009","Total","Miscellaneous coastal fishes","All presentation forms","Human consumption","Tonnes product weight","Romania","30",""
"2009","Total","Miscellaneous coastal fishes","All presentation forms","Human consumption","Euro/Tonne","Romania","1,570",""
"2009","Total","Herrings, sardines, anchovies","All presentation forms","Human consumption","Euro","Romania","80,377",""
"2009","Total","Herrings, sardines, anchovies","All presentation forms","Human consumption","Tonnes product weight","Romania","113",""
"2009","Total","Herrings, sardines, anchovies","All presentation forms","Human consumption","Euro/Tonne","Romania","711",""
"2009","Total","Tunas, bonitos, billfishes","All presentation forms","Human consumption","Euro","Romania",":",""
"2009","Total","Tunas, bonitos, billfishes","All presentation forms","Human consumption","Tonnes product weight","Romania",":",""
"2009","Total","Tunas, bonitos, billfishes","All presentation forms","Human consumption","Euro/Tonne","Romania",":",""
"2009","Total","Miscellaneous pelagic fishes","All presentation forms","Human consumption","Euro","Romania","33,921",""
"2009","Total","Miscellaneous pelagic fishes","All presentation forms","Human consumption","Tonnes product weight","Romania","17",""
"2009","Total","Miscellaneous pelagic fishes","All presentation forms","Human consumption","Euro/Tonne","Romania","1,995",""
"2009","Total","Sharks, rays, chimaeras","All presentation forms","Human consumption","Euro","Romania","11,840",""
"2009","Total","Sharks, rays, chimaeras","All presentation forms","Human consumption","Tonnes product weight","Romania","4",""
"2009","Total","Sharks, rays, chimaeras","All presentation forms","Human consumption","Euro/Tonne","Romania","2,960",""
"2009","Total","Marine fishes not identified","All presentation forms","Human consumption","Euro","Romania","3,868",""
"2009","Total","Marine fishes not identified","All presentation forms","Human consumption","Tonnes product weight","Romania","2",""
"2009","Total","Marine fishes not identified","All presentation forms","Human consumption","Euro/Tonne","Romania","1,934",""
"2009","Total","Molluscs","All presentation forms","Human consumption","Euro","Romania","6,899",""
"2009","Total","Molluscs","All presentation forms","Human consumption","Tonnes product weight","Romania","3",""
"2009","Total","Molluscs","All presentation forms","Human consumption","Euro/Tonne","Romania","2,759",""
"2009","Total","Abalones, winkles, conchs","All presentation forms","Human consumption","Euro","Romania","5,661",""
"2009","Total","Abalones, winkles, conchs","All presentation forms","Human consumption","Tonnes product weight","Romania","2",""
"2009","Total","Abalones, winkles, conchs","All presentation forms","Human consumption","Euro/Tonne","Romania","2,830",""
"2009","Total","Mussels","All presentation forms","Human consumption","Euro","Romania","1,238",""
"2009","Total","Mussels","All presentation forms","Human consumption","Tonnes product weight","Romania","1",""
"2009","Total","Mussels","All presentation forms","Human consumption","Euro/Tonne","Romania","2,476",""
"2009","Total","European anchovy - Engraulis encrasicolus","All presentation forms","Human consumption","Euro","Romania","18,970",""
"2009","Total","European anchovy - Engraulis encrasicolus","All presentation forms","Human consumption","Tonnes product weight","Romania","21",""
"2009","Total","European anchovy - Engraulis encrasicolus","All presentation forms","Human consumption","Euro/Tonne","Romania","903",""
"2009","Total","Caspian shads - Caspialosa spp","All presentation forms","Human consumption","Euro","Romania",":",""
"2009","Total","Caspian shads - Caspialosa spp","All presentation forms","Human consumption","Tonnes product weight","Romania",":",""
"2009","Total","Caspian shads - Caspialosa spp","All presentation forms","Human consumption","Euro/Tonne","Romania",":",""
"2009","Total","Big-scale sand smelt - Atherina boyeri","All presentation forms","Human consumption","Euro","Romania",":",""
"2009","Total","Big-scale sand smelt - Atherina boyeri","All presentation forms","Human consumption","Tonnes product weight","Romania",":",""
"2009","Total","Big-scale sand smelt - Atherina boyeri","All presentation forms","Human consumption","Euro/Tonne","Romania",":",""
"2009","Total","Bluefish - Pomatomus saltatrix","All presentation forms","Human consumption","Euro","Romania",":",""
"2009","Total","Bluefish - Pomatomus saltatrix","All presentation forms","Human consumption","Tonnes product weight","Romania",":",""
"2009","Total","Bluefish - Pomatomus saltatrix","All presentation forms","Human consumption","Euro/Tonne","Romania",":",""
"2009","Total","Atlantic bonito - Sarda sarda","All presentation forms","Human consumption","Euro","Romania",":",""
"2009","Total","Atlantic bonito - Sarda sarda","All presentation forms","Human consumption","Tonnes product weight","Romania",":",""
"2009","Total","Atlantic bonito - Sarda sarda","All presentation forms","Human consumption","Euro/Tonne","Romania",":",""
"2009","Total","Caspian shad - Alosa caspia","All presentation forms","Human consumption","Euro","Romania","7,227",""
"2009","Total","Caspian shad - Alosa caspia","All presentation forms","Human consumption","Tonnes product weight","Romania","8",""
"2009","Total","Caspian shad - Alosa caspia","All presentation forms","Human consumption","Euro/Tonne","Romania","903",""
"2009","Total","Picked dogfish - Squalus acanthias","All presentation forms","Human consumption","Euro","Romania","11,840",""
"2009","Total","Picked dogfish - Squalus acanthias","All presentation forms","Human consumption","Tonnes product weight","Romania","4",""
"2009","Total","Picked dogfish - Squalus acanthias","All presentation forms","Human consumption","Euro/Tonne","Romania","2,960",""
"2009","Total","Finfishes nei - Osteichthyes","All presentation forms","Human consumption","Euro","Romania","3,868",""
"2009","Total","Finfishes nei - Osteichthyes","All presentation forms","Human consumption","Tonnes product weight","Romania","2",""
"2009","Total","Finfishes nei - Osteichthyes","All presentation forms","Human consumption","Euro/Tonne","Romania","1,934",""
"2009","Total","Garfish - Belone belone","All presentation forms","Human consumption","Euro","Romania",":",""
"2009","Total","Garfish - Belone belone","All presentation forms","Human consumption","Tonnes product weight","Romania",":",""
"2009","Total","Garfish - Belone belone","All presentation forms","Human consumption","Euro/Tonne","Romania",":",""
"2009","Total","Gobies nei - Gobiidae","All presentation forms","Human consumption","Euro","Romania","14,793",""
"2009","Total","Gobies nei - Gobiidae","All presentation forms","Human consumption","Tonnes product weight","Romania","16",""
"2009","Total","Gobies nei - Gobiidae","All presentation forms","Human consumption","Euro/Tonne","Romania","925",""
"2009","Total","Mediterranean horse mackerel - Trachurus mediterraneus","All presentation forms","Human consumption","Euro","Romania","33,921",""
"2009","Total","Mediterranean horse mackerel - Trachurus mediterraneus","All presentation forms","Human consumption","Tonnes product weight","Romania","17",""
"2009","Total","Mediterranean horse mackerel - Trachurus mediterraneus","All presentation forms","Human consumption","Euro/Tonne","Romania","1,995",""
"2009","Total","Knout goby - Mesogobius batrachocephalus","All presentation forms","Human consumption","Euro","Romania","2,247",""
"2009","Total","Knout goby - Mesogobius batrachocephalus","All presentation forms","Human consumption","Tonnes product weight","Romania","1",""
"2009","Total","Knout goby - Mesogobius batrachocephalus","All presentation forms","Human consumption","Euro/Tonne","Romania","2,043",""
"2009","Total","Butterfly goby - Amblygobius albimaculatus","All presentation forms","Human consumption","Euro","Romania",":",""
"2009","Total","Butterfly goby - Amblygobius albimaculatus","All presentation forms","Human consumption","Tonnes product weight","Romania",":",""
"2009","Total","Butterfly goby - Amblygobius albimaculatus","All presentation forms","Human consumption","Euro/Tonne","Romania",":",""
"2009","Total","Golden grey mullet - Liza aurata","All presentation forms","Human consumption","Euro","Romania",":",""
"2009","Total","Golden grey mullet - Liza aurata","All presentation forms","Human consumption","Tonnes product weight","Romania",":",""
"2009","Total","Golden grey mullet - Liza aurata","All presentation forms","Human consumption","Euro/Tonne","Romania",":",""
"2009","Total","Mediterranean mussel - Mytilus galloprovincialis","All presentation forms","Human consumption","Euro","Romania","1,238",""
"2009","Total","Mediterranean mussel - Mytilus galloprovincialis","All presentation forms","Human consumption","Tonnes product weight","Romania","1",""
"2009","Total","Mediterranean mussel - Mytilus galloprovincialis","All presentation forms","Human consumption","Euro/Tonne","Romania","2,476",""
"2009","Total","Flathead grey mullet - Mugil cephalus","All presentation forms","Human consumption","Euro","Romania",":",""
"2009","Total","Flathead grey mullet - Mugil cephalus","All presentation forms","Human consumption","Tonnes product weight","Romania",":",""
"2009","Total","Flathead grey mullet - Mugil cephalus","All presentation forms","Human consumption","Euro/Tonne","Romania",":",""
"2009","Total","Mullets nei - Mugilidae","All presentation forms","Human consumption","Euro","Romania","32,293",""
"2009","Total","Mullets nei - Mugilidae","All presentation forms","Human consumption","Tonnes product weight","Romania","14",""
"2009","Total","Mullets nei - Mugilidae","All presentation forms","Human consumption","Euro/Tonne","Romania","2,307",""
"2009","Total","Surmullet - Mullus surmuletus","All presentation forms","Human consumption","Euro","Romania",":",""
"2009","Total","Surmullet - Mullus surmuletus","All presentation forms","Human consumption","Tonnes product weight","Romania",":",""
"2009","Total","Surmullet - Mullus surmuletus","All presentation forms","Human consumption","Euro/Tonne","Romania",":",""
"2009","Total","Red mullet - Mullus barbatus","All presentation forms","Human consumption","Euro","Romania","326",""
"2009","Total","Red mullet - Mullus barbatus","All presentation forms","Human consumption","Tonnes product weight","Romania","0",""
"2009","Total","Red mullet - Mullus barbatus","All presentation forms","Human consumption","Euro/Tonne","Romania","1,632",""
"2009","Total","Surmullets(=Red mullets) nei - Mullus spp","All presentation forms","Human consumption","Euro","Romania",":",""
"2009","Total","Surmullets(=Red mullets) nei - Mullus spp","All presentation forms","Human consumption","Tonnes product weight","Romania",":",""
"2009","Total","Surmullets(=Red mullets) nei - Mullus spp","All presentation forms","Human consumption","Euro/Tonne","Romania",":",""
"2009","Total","Marine fishes nei - Osteichthyes","All presentation forms","Human consumption","Euro","Romania",":",""
"2009","Total","Marine fishes nei - Osteichthyes","All presentation forms","Human consumption","Tonnes product weight","Romania",":",""
"2009","Total","Marine fishes nei - Osteichthyes","All presentation forms","Human consumption","Euro/Tonne","Romania",":",""
"2009","Total","Thomas' rapa whelk - Rapana venosa","All presentation forms","Human consumption","Euro","Romania","5,661",""
"2009","Total","Thomas' rapa whelk - Rapana venosa","All presentation forms","Human consumption","Tonnes product weight","Romania","2",""
"2009","Total","Thomas' rapa whelk - Rapana venosa","All presentation forms","Human consumption","Euro/Tonne","Romania","2,830",""
"2009","Total","Pontic shad - Alosa pontica","All presentation forms","Human consumption","Euro","Romania",":",""
"2009","Total","Pontic shad - Alosa pontica","All presentation forms","Human consumption","Tonnes product weight","Romania",":",""
"2009","Total","Pontic shad - Alosa pontica","All presentation forms","Human consumption","Euro/Tonne","Romania",":",""
"2009","Total","Black Sea shad - Alosa maeotica","All presentation forms","Human consumption","Euro","Romania","134,770",""
"2009","Total","Black Sea shad - Alosa maeotica","All presentation forms","Human consumption","Tonnes product weight","Romania","63",""
"2009","Total","Black Sea shad - Alosa maeotica","All presentation forms","Human consumption","Euro/Tonne","Romania","2,139",""
"2009","Total","Silversides(=Sand smelts) nei - Atherinidae","All presentation forms","Human consumption","Euro","Romania",":",""
"2009","Total","Silversides(=Sand smelts) nei - Atherinidae","All presentation forms","Human consumption","Tonnes product weight","Romania",":",""
"2009","Total","Silversides(=Sand smelts) nei - Atherinidae","All presentation forms","Human consumption","Euro/Tonne","Romania",":",""
"2009","Total","European sprat - Sprattus sprattus","All presentation forms","Human consumption","Euro","Romania","61,407",""
"2009","Total","European sprat - Sprattus sprattus","All presentation forms","Human consumption","Tonnes product weight","Romania","92",""
"2009","Total","European sprat - Sprattus sprattus","All presentation forms","Human consumption","Euro/Tonne","Romania","667",""
"2009","Total","Turbot - Psetta maxima","All presentation forms","Human consumption","Euro","Romania","257,140",""
"2009","Total","Turbot - Psetta maxima","All presentation forms","Human consumption","Tonnes product weight","Romania","49",""
"2009","Total","Turbot - Psetta maxima","All presentation forms","Human consumption","Euro/Tonne","Romania","5,248",""
"2009","Total","Whiting - Merlangius merlangus","All presentation forms","Human consumption","Euro","Romania","9,113",""
"2009","Total","Whiting - Merlangius merlangus","All presentation forms","Human consumption","Tonnes product weight","Romania","42",""
"2009","Total","Whiting - Merlangius merlangus","All presentation forms","Human consumption","Euro/Tonne","Romania","217",""
"2010","Total","Total fishery products","All presentation forms","Human consumption","Euro","Romania","482,016",""
"2010","Total","Total fishery products","All presentation forms","Human consumption","Tonnes product weight","Romania","231",""
"2010","Total","Total fishery products","All presentation forms","Human consumption","Euro/Tonne","Romania","2,088",""
"2010","Total","Aquatic animals","All presentation forms","Human consumption","Euro","Romania","482,016",""
"2010","Total","Aquatic animals","All presentation forms","Human consumption","Tonnes product weight","Romania","231",""
"2010","Total","Aquatic animals","All presentation forms","Human consumption","Euro/Tonne","Romania","2,088",""
"2010","Total","Freshwater and diadromous fishes","All presentation forms","Human consumption","Euro","Romania","100,854",""
"2010","Total","Freshwater and diadromous fishes","All presentation forms","Human consumption","Tonnes product weight","Romania","47",""
"2010","Total","Freshwater and diadromous fishes","All presentation forms","Human consumption","Euro/Tonne","Romania","2,129",""
"2010","Total","Crustaceans and molluscs","All presentation forms","Human consumption","Euro","Romania","1,229",""
"2010","Total","Crustaceans and molluscs","All presentation forms","Human consumption","Tonnes product weight","Romania","0",""
"2010","Total","Crustaceans and molluscs","All presentation forms","Human consumption","Euro/Tonne","Romania","2,488",""
"2010","Total","Finfish","All presentation forms","Human consumption","Euro","Romania","480,787",""
"2010","Total","Finfish","All presentation forms","Human consumption","Tonnes product weight","Romania","230",""
"2010","Total","Finfish","All presentation forms","Human consumption","Euro/Tonne","Romania","2,087",""
"2010","Total","Finfish and invertebrates","All presentation forms","Human consumption","Euro","Romania","482,016",""
"2010","Total","Finfish and invertebrates","All presentation forms","Human consumption","Tonnes product weight","Romania","231",""
"2010","Total","Finfish and invertebrates","All presentation forms","Human consumption","Euro/Tonne","Romania","2,088",""
"2010","Total","Freshwater fishes","All presentation forms","Human consumption","Euro","Romania","558",""
"2010","Total","Freshwater fishes","All presentation forms","Human consumption","Tonnes product weight","Romania","0",""
"2010","Total","Freshwater fishes","All presentation forms","Human consumption","Euro/Tonne","Romania","1,695",""
"2010","Total","Miscellaneous freshwater fishes","All presentation forms","Human consumption","Euro","Romania","558",""
"2010","Total","Miscellaneous freshwater fishes","All presentation forms","Human consumption","Tonnes product weight","Romania","0",""
"2010","Total","Miscellaneous freshwater fishes","All presentation forms","Human consumption","Euro/Tonne","Romania","1,695",""
"2010","Total","Diadromous fishes","All presentation forms","Human consumption","Euro","Romania","100,296",""
"2010","Total","Diadromous fishes","All presentation forms","Human consumption","Tonnes product weight","Romania","47",""
"2010","Total","Diadromous fishes","All presentation forms","Human consumption","Euro/Tonne","Romania","2,132",""
"2010","Total","Shads","All presentation forms","Human consumption","Euro","Romania","100,296",""
"2010","Total","Shads","All presentation forms","Human consumption","Tonnes product weight","Romania","47",""
"2010","Total","Shads","All presentation forms","Human consumption","Euro/Tonne","Romania","2,132",""
"2010","Total","Marine fishes","All presentation forms","Human consumption","Euro","Romania","379,933",""
"2010","Total","Marine fishes","All presentation forms","Human consumption","Tonnes product weight","Romania","183",""
"2010","Total","Marine fishes","All presentation forms","Human consumption","Euro/Tonne","Romania","2,076",""
"2010","Total","Flounders, halibuts, soles","All presentation forms","Human consumption","Euro","Romania","231,263",""
"2010","Total","Flounders, halibuts, soles","All presentation forms","Human consumption","Tonnes product weight","Romania","48",""
"2010","Total","Flounders, halibuts, soles","All presentation forms","Human consumption","Euro/Tonne","Romania","4,793",""
"2010","Total","Cods, hakes, haddocks","All presentation forms","Human consumption","Euro","Romania","2,287",""
"2010","Total","Cods, hakes, haddocks","All presentation forms","Human consumption","Tonnes product weight","Romania","10",""
"2010","Total","Cods, hakes, haddocks","All presentation forms","Human consumption","Euro/Tonne","Romania","218",""
"2010","Total","Miscellaneous coastal fishes","All presentation forms","Human consumption","Euro","Romania","36,340",""
"2010","Total","Miscellaneous coastal fishes","All presentation forms","Human consumption","Tonnes product weight","Romania","23",""
"2010","Total","Miscellaneous coastal fishes","All presentation forms","Human consumption","Euro/Tonne","Romania","1,575",""
"2010","Total","Herrings, sardines, anchovies","All presentation forms","Human consumption","Euro","Romania","66,008",""
"2010","Total","Herrings, sardines, anchovies","All presentation forms","Human consumption","Tonnes product weight","Romania","77",""
"2010","Total","Herrings, sardines, anchovies","All presentation forms","Human consumption","Euro/Tonne","Romania","862",""
"2010","Total","Tunas, bonitos, billfishes","All presentation forms","Human consumption","Euro","Romania",":",""
"2010","Total","Tunas, bonitos, billfishes","All presentation forms","Human consumption","Tonnes product weight","Romania",":",""
"2010","Total","Tunas, bonitos, billfishes","All presentation forms","Human consumption","Euro/Tonne","Romania",":",""
"2010","Total","Miscellaneous pelagic fishes","All presentation forms","Human consumption","Euro","Romania","11,513",""
"2010","Total","Miscellaneous pelagic fishes","All presentation forms","Human consumption","Tonnes product weight","Romania","7",""
"2010","Total","Miscellaneous pelagic fishes","All presentation forms","Human consumption","Euro/Tonne","Romania","1,707",""
"2010","Total","Sharks, rays, chimaeras","All presentation forms","Human consumption","Euro","Romania","7,315",""
"2010","Total","Sharks, rays, chimaeras","All presentation forms","Human consumption","Tonnes product weight","Romania","3",""
"2010","Total","Sharks, rays, chimaeras","All presentation forms","Human consumption","Euro/Tonne","Romania","2,384",""
"2010","Total","Marine fishes not identified","All presentation forms","Human consumption","Euro","Romania","25,207",""
"2010","Total","Marine fishes not identified","All presentation forms","Human consumption","Tonnes product weight","Romania","15",""
"2010","Total","Marine fishes not identified","All presentation forms","Human consumption","Euro/Tonne","Romania","1,705",""
"2010","Total","Molluscs","All presentation forms","Human consumption","Euro","Romania","1,229",""
"2010","Total","Molluscs","All presentation forms","Human consumption","Tonnes product weight","Romania","0",""
"2010","Total","Molluscs","All presentation forms","Human consumption","Euro/Tonne","Romania","2,488",""
"2010","Total","Abalones, winkles, conchs","All presentation forms","Human consumption","Euro","Romania","160",""
"2010","Total","Abalones, winkles, conchs","All presentation forms","Human consumption","Tonnes product weight","Romania","0",""
"2010","Total","Abalones, winkles, conchs","All presentation forms","Human consumption","Euro/Tonne","Romania","2,455",""
"2010","Total","Mussels","All presentation forms","Human consumption","Euro","Romania","1,069",""
"2010","Total","Mussels","All presentation forms","Human consumption","Tonnes product weight","Romania","0",""
"2010","Total","Mussels","All presentation forms","Human consumption","Euro/Tonne","Romania","2,493",""
"2010","Total","European anchovy - Engraulis encrasicolus","All presentation forms","Human consumption","Euro","Romania","47,595",""
"2010","Total","European anchovy - Engraulis encrasicolus","All presentation forms","Human consumption","Tonnes product weight","Romania","48",""
"2010","Total","European anchovy - Engraulis encrasicolus","All presentation forms","Human consumption","Euro/Tonne","Romania","988",""
"2010","Total","Caspian shads - Caspialosa spp","All presentation forms","Human consumption","Euro","Romania",":",""
"2010","Total","Caspian shads - Caspialosa spp","All presentation forms","Human consumption","Tonnes product weight","Romania",":",""
"2010","Total","Caspian shads - Caspialosa spp","All presentation forms","Human consumption","Euro/Tonne","Romania",":",""
"2010","Total","Big-scale sand smelt - Atherina boyeri","All presentation forms","Human consumption","Euro","Romania",":",""
"2010","Total","Big-scale sand smelt - Atherina boyeri","All presentation forms","Human consumption","Tonnes product weight","Romania",":",""
"2010","Total","Big-scale sand smelt - Atherina boyeri","All presentation forms","Human consumption","Euro/Tonne","Romania",":",""
"2010","Total","Bluefish - Pomatomus saltatrix","All presentation forms","Human consumption","Euro","Romania","0",""
"2010","Total","Bluefish - Pomatomus saltatrix","All presentation forms","Human consumption","Tonnes product weight","Romania","0",""
"2010","Total","Bluefish - Pomatomus saltatrix","All presentation forms","Human consumption","Euro/Tonne","Romania",":",""
"2010","Total","Atlantic bonito - Sarda sarda","All presentation forms","Human consumption","Euro","Romania",":",""
"2010","Total","Atlantic bonito - Sarda sarda","All presentation forms","Human consumption","Tonnes product weight","Romania",":",""
"2010","Total","Atlantic bonito - Sarda sarda","All presentation forms","Human consumption","Euro/Tonne","Romania",":",""
"2010","Total","Caspian shad - Alosa caspia","All presentation forms","Human consumption","Euro","Romania","1,068",""
"2010","Total","Caspian shad - Alosa caspia","All presentation forms","Human consumption","Tonnes product weight","Romania","1",""
"2010","Total","Caspian shad - Alosa caspia","All presentation forms","Human consumption","Euro/Tonne","Romania","888",""
"2010","Total","Picked dogfish - Squalus acanthias","All presentation forms","Human consumption","Euro","Romania","7,315",""
"2010","Total","Picked dogfish - Squalus acanthias","All presentation forms","Human consumption","Tonnes product weight","Romania","3",""
"2010","Total","Picked dogfish - Squalus acanthias","All presentation forms","Human consumption","Euro/Tonne","Romania","2,384",""
"2010","Total","Finfishes nei - Osteichthyes","All presentation forms","Human consumption","Euro","Romania",":",""
"2010","Total","Finfishes nei - Osteichthyes","All presentation forms","Human consumption","Tonnes product weight","Romania",":",""
"2010","Total","Finfishes nei - Osteichthyes","All presentation forms","Human consumption","Euro/Tonne","Romania",":",""
"2010","Total","Garfish - Belone belone","All presentation forms","Human consumption","Euro","Romania",":",""
"2010","Total","Garfish - Belone belone","All presentation forms","Human consumption","Tonnes product weight","Romania",":",""
"2010","Total","Garfish - Belone belone","All presentation forms","Human consumption","Euro/Tonne","Romania",":",""
"2010","Total","Gobies nei - Gobiidae","All presentation forms","Human consumption","Euro","Romania","11,798",""
"2010","Total","Gobies nei - Gobiidae","All presentation forms","Human consumption","Tonnes product weight","Romania","13",""
"2010","Total","Gobies nei - Gobiidae","All presentation forms","Human consumption","Euro/Tonne","Romania","897",""
"2010","Total","Mediterranean horse mackerel - Trachurus mediterraneus","All presentation forms","Human consumption","Euro","Romania","11,513",""
"2010","Total","Mediterranean horse mackerel - Trachurus mediterraneus","All presentation forms","Human consumption","Tonnes product weight","Romania","7",""
"2010","Total","Mediterranean horse mackerel - Trachurus mediterraneus","All presentation forms","Human consumption","Euro/Tonne","Romania","1,707",""
"2010","Total","Knout goby - Mesogobius batrachocephalus","All presentation forms","Human consumption","Euro","Romania","558",""
"2010","Total","Knout goby - Mesogobius batrachocephalus","All presentation forms","Human consumption","Tonnes product weight","Romania","0",""
"2010","Total","Knout goby - Mesogobius batrachocephalus","All presentation forms","Human consumption","Euro/Tonne","Romania","1,695",""
"2010","Total","Butterfly goby - Amblygobius albimaculatus","All presentation forms","Human consumption","Euro","Romania",":",""
"2010","Total","Butterfly goby - Amblygobius albimaculatus","All presentation forms","Human consumption","Tonnes product weight","Romania",":",""
"2010","Total","Butterfly goby - Amblygobius albimaculatus","All presentation forms","Human consumption","Euro/Tonne","Romania",":",""
"2010","Total","Golden grey mullet - Liza aurata","All presentation forms","Human consumption","Euro","Romania",":",""
"2010","Total","Golden grey mullet - Liza aurata","All presentation forms","Human consumption","Tonnes product weight","Romania",":",""
"2010","Total","Golden grey mullet - Liza aurata","All presentation forms","Human consumption","Euro/Tonne","Romania",":",""
"2010","Total","Mediterranean mussel - Mytilus galloprovincialis","All presentation forms","Human consumption","Euro","Romania","1,069",""
"2010","Total","Mediterranean mussel - Mytilus galloprovincialis","All presentation forms","Human consumption","Tonnes product weight","Romania","0",""
"2010","Total","Mediterranean mussel - Mytilus galloprovincialis","All presentation forms","Human consumption","Euro/Tonne","Romania","2,493",""
"2010","Total","Flathead grey mullet - Mugil cephalus","All presentation forms","Human consumption","Euro","Romania",":",""
"2010","Total","Flathead grey mullet - Mugil cephalus","All presentation forms","Human consumption","Tonnes product weight","Romania",":",""
"2010","Total","Flathead grey mullet - Mugil cephalus","All presentation forms","Human consumption","Euro/Tonne","Romania",":",""
"2010","Total","Mullets nei - Mugilidae","All presentation forms","Human consumption","Euro","Romania","23,330",""
"2010","Total","Mullets nei - Mugilidae","All presentation forms","Human consumption","Tonnes product weight","Romania","8",""
"2010","Total","Mullets nei - Mugilidae","All presentation forms","Human consumption","Euro/Tonne","Romania","2,782",""
"2010","Total","Surmullet - Mullus surmuletus","All presentation forms","Human consumption","Euro","Romania",":",""
"2010","Total","Surmullet - Mullus surmuletus","All presentation forms","Human consumption","Tonnes product weight","Romania",":",""
"2010","Total","Surmullet - Mullus surmuletus","All presentation forms","Human consumption","Euro/Tonne","Romania",":",""
"2010","Total","Red mullet - Mullus barbatus","All presentation forms","Human consumption","Euro","Romania","1,211",""
"2010","Total","Red mullet - Mullus barbatus","All presentation forms","Human consumption","Tonnes product weight","Romania","2",""
"2010","Total","Red mullet - Mullus barbatus","All presentation forms","Human consumption","Euro/Tonne","Romania","788",""
"2010","Total","Surmullets(=Red mullets) nei - Mullus spp","All presentation forms","Human consumption","Euro","Romania",":",""
"2010","Total","Surmullets(=Red mullets) nei - Mullus spp","All presentation forms","Human consumption","Tonnes product weight","Romania",":",""
"2010","Total","Surmullets(=Red mullets) nei - Mullus spp","All presentation forms","Human consumption","Euro/Tonne","Romania",":",""
"2010","Total","Marine fishes nei - Osteichthyes","All presentation forms","Human consumption","Euro","Romania","25,207",""
"2010","Total","Marine fishes nei - Osteichthyes","All presentation forms","Human consumption","Tonnes product weight","Romania","15",""
"2010","Total","Marine fishes nei - Osteichthyes","All presentation forms","Human consumption","Euro/Tonne","Romania","1,705",""
"2010","Total","Thomas' rapa whelk - Rapana venosa","All presentation forms","Human consumption","Euro","Romania","160",""
"2010","Total","Thomas' rapa whelk - Rapana venosa","All presentation forms","Human consumption","Tonnes product weight","Romania","0",""
"2010","Total","Thomas' rapa whelk - Rapana venosa","All presentation forms","Human consumption","Euro/Tonne","Romania","2,455",""
"2010","Total","Pontic shad - Alosa pontica","All presentation forms","Human consumption","Euro","Romania",":",""
"2010","Total","Pontic shad - Alosa pontica","All presentation forms","Human consumption","Tonnes product weight","Romania",":",""
"2010","Total","Pontic shad - Alosa pontica","All presentation forms","Human consumption","Euro/Tonne","Romania",":",""
"2010","Total","Black Sea shad - Alosa maeotica","All presentation forms","Human consumption","Euro","Romania","99,228",""
"2010","Total","Black Sea shad - Alosa maeotica","All presentation forms","Human consumption","Tonnes product weight","Romania","46",""
"2010","Total","Black Sea shad - Alosa maeotica","All presentation forms","Human consumption","Euro/Tonne","Romania","2,165",""
"2010","Total","Silversides(=Sand smelts) nei - Atherinidae","All presentation forms","Human consumption","Euro","Romania","0",""
"2010","Total","Silversides(=Sand smelts) nei - Atherinidae","All presentation forms","Human consumption","Tonnes product weight","Romania","0",""
"2010","Total","Silversides(=Sand smelts) nei - Atherinidae","All presentation forms","Human consumption","Euro/Tonne","Romania",":",""
"2010","Total","European sprat - Sprattus sprattus","All presentation forms","Human consumption","Euro","Romania","18,413",""
"2010","Total","European sprat - Sprattus sprattus","All presentation forms","Human consumption","Tonnes product weight","Romania","28",""
"2010","Total","European sprat - Sprattus sprattus","All presentation forms","Human consumption","Euro/Tonne","Romania","648",""
"2010","Total","Turbot - Psetta maxima","All presentation forms","Human consumption","Euro","Romania","231,263",""
"2010","Total","Turbot - Psetta maxima","All presentation forms","Human consumption","Tonnes product weight","Romania","48",""
"2010","Total","Turbot - Psetta maxima","All presentation forms","Human consumption","Euro/Tonne","Romania","4,793",""
"2010","Total","Whiting - Merlangius merlangus","All presentation forms","Human consumption","Euro","Romania","2,287",""
"2010","Total","Whiting - Merlangius merlangus","All presentation forms","Human consumption","Tonnes product weight","Romania","10",""
"2010","Total","Whiting - Merlangius merlangus","All presentation forms","Human consumption","Euro/Tonne","Romania","218",""
